Weather_ID,City,Country,Lat,Lng,Max Temp,Humidity,Cloudiness,Wind Speed,Current Description
0,Castro,BR,-24.79,-50.01,67.14,64,100,7.14,overcast clouds
1,Vaini,TO,-21.2,-175.2,77.0,73,40,8.05,scattered clouds
2,Provideniya,RU,64.38,-173.3,50.0,76,75,13.42,broken clouds
3,Mataura,NZ,-46.19,168.86,46.99,76,100,7.0,overcast clouds
4,Belmonte,BR,-15.86,-38.88,75.2,78,40,8.05,scattered clouds
5,Bengkulu,ID,-3.8,102.27,77.79,86,11,4.21,few clouds
6,Severo-Kurilsk,RU,50.68,156.12,53.15,72,0,15.9,clear sky
7,Rikitea,PF,-23.12,-134.97,74.32,82,1,13.06,clear sky
8,Hermanus,ZA,-34.42,19.23,39.99,94,91,5.68,overcast clouds
9,Cape Town,ZA,-33.93,18.42,44.6,87,18,1.12,few clouds
10,Atuona,PF,-9.8,-139.03,78.35,72,0,15.99,clear sky
11,Hilo,US,19.73,-155.09,82.4,58,90,11.41,overcast clouds
12,Bani Walid,LY,31.76,13.99,73.18,71,0,10.25,clear sky
13,Lompoc,US,34.64,-120.46,64.99,72,1,12.75,haze
14,Arraial Do Cabo,BR,-22.97,-42.03,72.21,83,0,19.3,clear sky
15,Poronaysk,RU,49.22,143.12,60.89,68,0,8.12,clear sky
16,Ushuaia,AR,-54.8,-68.3,35.6,93,40,10.29,shower rain
17,Yining,CN,29.04,114.56,69.98,88,100,0.81,overcast clouds
18,Pasni,PK,25.26,63.47,85.03,54,100,11.16,overcast clouds
19,Pangnirtung,CA,66.15,-65.71,36.41,75,98,1.34,overcast clouds
20,Serebryanyy Bor,RU,56.8,124.8,51.3,93,100,1.97,light rain
21,Faanui,PF,-16.48,-151.75,78.67,73,91,11.16,overcast clouds
22,Ponta Do Sol,PT,32.67,-17.1,69.8,83,20,3.36,few clouds
23,Mujiayingzi,CN,42.12,118.78,58.93,90,100,3.36,light rain
24,Airai,TL,-8.93,125.41,70.63,45,78,6.29,broken clouds
25,Esperance,AU,-33.87,121.9,55.4,93,7,14.99,clear sky
26,Sur,OM,22.57,59.53,80.13,62,100,2.59,overcast clouds
27,Mar Del Plata,AR,-38.0,-57.56,50.0,65,0,6.93,clear sky
28,Tumut,AU,-35.3,148.22,60.6,65,1,4.74,clear sky
29,Codrington,AU,-38.27,141.97,55.87,71,11,5.41,few clouds
30,Mount Gambier,AU,-37.83,140.77,55.4,66,90,8.05,overcast clouds
31,Gravdal,NO,68.12,13.5,50.13,80,95,6.71,overcast clouds
32,Chokurdakh,RU,70.63,147.92,45.09,83,100,9.55,overcast clouds
33,Hasaki,JP,35.73,140.83,80.01,74,75,12.75,broken clouds
34,Verkhoyansk,RU,67.54,133.38,47.26,77,93,5.66,overcast clouds
35,Coahuayana,MX,18.73,-103.68,78.8,83,90,11.41,thunderstorm
36,Aranos,NA,-24.13,19.12,55.63,36,0,7.56,clear sky
37,Butaritari,KI,3.07,172.79,84.24,73,63,17.78,broken clouds
38,Talnakh,RU,69.49,88.4,50.0,93,100,11.18,light rain
39,Tiksi,RU,71.69,128.87,43.52,83,9,8.28,clear sky
40,Chuy,UY,-33.7,-53.46,44.46,78,0,5.55,clear sky
41,Busselton,AU,-33.65,115.33,57.99,85,0,10.87,clear sky
42,Saint-Joseph,RE,-21.37,55.62,60.8,59,20,8.05,few clouds
43,Nikolskoye,RU,59.7,30.79,51.01,87,0,6.71,fog
44,Goderich,CA,43.75,-81.72,60.01,79,0,9.69,clear sky
45,Torbay,CA,47.67,-52.73,64.0,93,90,21.92,overcast clouds
46,Camana,PE,-16.62,-72.71,63.5,70,100,6.98,overcast clouds
47,Omaruru,NA,-21.43,15.93,50.27,46,0,3.96,clear sky
48,Saint-Denis,FR,48.92,2.33,75.0,63,0,3.36,clear sky
49,Torit,SS,4.41,32.57,68.94,89,0,1.03,clear sky
50,Narsaq,GL,60.92,-46.05,51.8,29,100,18.34,light rain
51,Barrow,US,71.29,-156.79,39.2,93,90,12.75,overcast clouds
52,Floro,NO,61.6,5.03,55.4,100,100,11.41,light intensity drizzle
53,Caborca,MX,30.58,-111.1,95.0,31,0,6.58,clear sky
54,Bacolod,PH,10.67,122.95,78.49,87,100,4.41,overcast clouds
55,Benevides,BR,-1.36,-48.24,82.4,78,100,5.82,overcast clouds
56,Nishihara,JP,26.18,127.76,86.0,78,75,4.83,broken clouds
57,Meulaboh,ID,4.14,96.13,78.94,80,78,4.65,broken clouds
58,Mnogovershinnyy,RU,53.94,139.92,67.66,65,100,5.14,overcast clouds
59,Sar-E Pul,AF,35.83,66.17,43.29,61,0,2.33,clear sky
60,East London,ZA,-33.02,27.91,57.96,59,0,16.84,clear sky
61,Labytnangi,RU,66.66,66.42,49.51,96,100,8.77,light rain
62,Tuktoyaktuk,CA,69.45,-133.04,33.8,80,90,9.17,overcast clouds
63,Carnarvon,AU,-24.87,113.63,69.8,100,6,9.17,light rain
64,Lavrentiya,RU,65.58,-171.0,44.47,96,100,5.95,light rain
65,Pathein,MM,16.78,94.73,80.35,86,100,2.15,overcast clouds
66,Killybegs,IE,54.63,-8.45,59.0,91,59,1.01,broken clouds
67,Srednekolymsk,RU,67.45,153.68,49.62,60,98,9.78,overcast clouds
68,Chopovychi,UA,50.83,28.95,57.42,93,1,4.14,clear sky
69,Ballarat,AU,-37.57,143.85,60.01,58,0,1.01,clear sky
70,Jamestown,US,42.1,-79.24,51.8,71,1,3.36,clear sky
71,Trincomalee,LK,8.57,81.23,81.77,75,100,19.3,overcast clouds
72,Naze,JP,28.37,129.48,82.4,88,75,6.93,broken clouds
73,Souillac,MU,-20.52,57.52,68.0,68,75,14.99,broken clouds
74,San Carlos De Bariloche,AR,-41.15,-71.31,51.8,57,40,12.75,scattered clouds
75,Bluff,NZ,-46.6,168.33,46.99,76,100,7.0,overcast clouds
76,Saint-Philippe,RE,-21.36,55.77,60.8,59,20,8.05,few clouds
77,Marienburg,PL,54.04,19.03,57.99,93,79,1.12,broken clouds
78,Vidim,RU,56.41,103.11,46.33,75,0,8.63,clear sky
79,Bisho,ZA,-32.85,27.44,47.55,69,2,7.78,clear sky
80,Avarua,CK,-21.21,-159.78,75.2,64,45,12.75,scattered clouds
81,Dongsheng,CN,39.82,109.98,59.99,32,0,15.23,clear sky
82,Surgut,RU,61.25,73.42,53.6,76,100,8.95,overcast clouds
83,Roma,US,43.21,-75.46,53.6,66,1,6.08,clear sky
84,Richards Bay,ZA,-28.78,32.04,66.56,75,100,7.25,overcast clouds
85,Mayo,US,38.89,-76.51,73.0,60,1,8.05,clear sky
86,Puerto Quijarro,BO,-17.78,-57.77,84.11,53,0,9.53,clear sky
87,Escalerillas,MX,22.13,-101.07,64.4,82,75,5.82,broken clouds
88,Lima,PE,-12.04,-77.03,60.8,82,90,9.17,overcast clouds
89,Ulladulla,AU,-35.35,150.47,64.99,63,40,10.29,scattered clouds
90,Norman Wells,CA,65.28,-126.83,50.0,53,75,18.34,broken clouds
91,New Norfolk,AU,-42.78,147.06,57.99,62,100,7.0,overcast clouds
92,Lebu,CL,-37.62,-73.65,50.88,85,0,20.62,clear sky
93,Kapaa,US,22.08,-159.32,87.8,55,1,9.17,clear sky
94,Port Alfred,ZA,-33.59,26.89,55.04,69,7,17.29,clear sky
95,Komsomolskiy,UZ,40.43,71.72,66.2,45,0,6.93,clear sky
96,Alofi,NU,-19.06,-169.92,77.0,73,75,14.99,broken clouds
97,Bokaro,IN,23.78,85.97,80.49,86,96,3.58,overcast clouds
98,Khatanga,RU,71.97,102.5,50.92,72,52,3.89,broken clouds
99,Shetpe,KZ,44.17,52.12,60.22,67,0,6.91,clear sky
100,Iranshahr,IR,27.2,60.68,75.2,12,0,6.93,clear sky
101,Innisfail,AU,-17.53,146.03,70.0,77,83,5.99,light rain
102,Mahebourg,MU,-20.41,57.7,68.0,68,75,14.99,broken clouds
103,Bredasdorp,ZA,-34.53,20.04,41.0,86,100,1.12,overcast clouds
104,Zhanaozen,KZ,43.3,52.8,59.45,65,0,8.46,clear sky
105,Astana,KZ,51.18,71.45,55.4,58,0,13.42,clear sky
106,Cam Ranh,VN,11.92,109.16,86.0,74,20,2.24,few clouds
107,Nizwa,OM,22.93,57.53,80.78,28,100,3.02,overcast clouds
108,Santiago Del Estero,AR,-27.8,-64.26,61.32,30,100,9.26,overcast clouds
109,Fort Nelson,CA,58.81,-122.7,50.0,61,20,8.05,few clouds
110,Bambous Virieux,MU,-20.34,57.76,68.0,68,75,14.99,broken clouds
111,Samarinda,ID,-0.5,117.15,78.89,88,98,5.35,overcast clouds
112,Punta Arenas,CL,-53.15,-70.92,35.6,93,58,25.28,light rain
113,Yarmouth,US,41.71,-70.23,66.2,68,1,9.17,clear sky
114,Galesong,ID,-5.32,119.37,84.2,42,20,2.24,few clouds
115,Port Hedland,AU,-20.32,118.57,87.8,23,97,3.36,overcast clouds
116,Upernavik,GL,72.79,-56.15,27.34,82,0,6.62,clear sky
117,Thompson,CA,55.74,-97.86,42.8,87,75,2.24,broken clouds
118,Tiassale,CI,5.9,-4.83,71.62,97,85,2.06,overcast clouds
119,Luderitz,NA,-26.65,15.16,53.62,74,0,15.7,clear sky
120,Warrnambool,AU,-38.38,142.48,55.0,78,38,4.0,scattered clouds
121,Nanakuli,US,21.39,-158.15,87.8,55,1,12.75,clear sky
122,Victor Harbor,AU,-35.57,138.62,57.99,73,14,5.06,few clouds
123,Gushikawa,JP,26.35,127.87,84.2,74,75,4.7,broken clouds
124,Lata,PT,40.16,-8.33,66.99,94,6,2.1,clear sky
125,Sorong,ID,-0.88,131.25,81.21,79,27,9.17,scattered clouds
126,Barra Do Garcas,BR,-15.89,-52.26,76.89,30,0,1.61,clear sky
127,Hobart,AU,-42.88,147.33,59.0,44,40,23.04,scattered clouds
128,Sao Filipe,CV,14.9,-24.5,78.91,84,100,7.76,overcast clouds
129,Puerto Escondido,MX,15.85,-97.07,80.6,65,90,2.95,overcast clouds
130,Qeshm,IR,26.96,56.27,78.8,50,0,2.24,clear sky
131,Huilong,CN,31.81,121.66,73.0,94,100,1.01,moderate rain
132,Zalantun,CN,48.0,122.72,57.47,60,100,4.97,overcast clouds
133,Albany,US,42.6,-73.97,57.0,46,0,1.01,clear sky
134,Cayenne,GF,4.93,-52.33,78.8,94,0,5.03,clear sky
135,Pacific Grove,US,36.62,-121.92,64.99,72,40,8.05,smoke
136,Nesbyen,NO,60.57,9.1,53.01,95,64,1.01,broken clouds
137,Bethel,US,41.37,-73.41,60.01,57,0,1.99,clear sky
138,Yelizovo,RU,53.19,158.38,62.6,33,0,17.9,clear sky
139,Georgetown,MY,5.41,100.34,77.0,94,20,3.36,few clouds
140,San Policarpo,PH,12.18,125.51,83.52,78,100,8.59,overcast clouds
141,Hailey,US,43.52,-114.32,82.4,13,5,11.41,smoke
142,Kenai,US,60.55,-151.26,57.99,58,1,5.82,clear sky
143,Longyearbyen,SJ,78.22,15.64,35.6,95,75,8.05,light rain
144,Puerto Ayora,EC,-0.74,-90.35,66.99,89,80,4.0,broken clouds
145,Odoyev,RU,53.94,36.69,51.66,95,37,8.28,scattered clouds
146,Slave Lake,CA,55.28,-114.77,42.8,87,90,5.82,overcast clouds
147,Pamanukan,ID,-6.28,107.81,83.88,55,100,5.84,overcast clouds
148,Liepaja,LV,56.54,21.04,59.0,100,0,5.82,clear sky
149,Leua,SK,48.22,18.61,66.99,78,0,4.61,clear sky
150,Linxia,CN,35.6,103.21,52.45,61,12,2.37,few clouds
151,Makakilo City,US,21.35,-158.09,87.8,55,1,12.75,clear sky
152,Waipawa,NZ,-41.41,175.52,60.8,48,0,20.8,clear sky
153,Cabo San Lucas,MX,22.89,-109.91,89.01,74,20,12.75,few clouds
154,Mokhsogollokh,RU,61.47,128.92,53.89,56,1,7.63,clear sky
155,Coihaique,CL,-45.58,-72.07,46.4,70,75,8.05,broken clouds
156,Palembang,ID,-2.92,104.75,77.0,88,20,3.36,few clouds
157,Kutum,SD,14.2,24.67,74.88,66,42,7.34,scattered clouds
158,Kavieng,PG,-2.57,150.8,84.76,74,90,14.45,light rain
159,Awjilah,LY,29.11,21.29,82.49,35,0,8.39,clear sky
160,Comodoro Rivadavia,AR,-45.87,-67.5,55.92,50,100,36.44,overcast clouds
161,Livingston,GB,55.9,-3.52,60.01,93,100,2.24,overcast clouds
162,Shache,CN,38.42,77.24,64.15,34,100,4.14,overcast clouds
163,Hambantota,LK,6.12,81.12,77.0,100,20,4.7,few clouds
164,Anadyr,RU,64.75,177.48,50.0,81,75,17.9,broken clouds
165,Yellowknife,CA,62.46,-114.35,48.2,61,75,11.41,broken clouds
166,Starogard Gdanski,PL,53.96,18.53,57.99,93,92,1.12,overcast clouds
167,Hithadhoo,MV,-0.6,73.08,81.21,66,100,3.87,overcast clouds
168,Arlit,NE,18.74,7.39,95.0,13,0,6.4,clear sky
169,Guerrero Negro,MX,27.98,-114.06,83.28,41,0,17.58,clear sky
170,Necochea,AR,-38.55,-58.74,46.99,53,0,13.0,clear sky
171,Basco,PH,20.45,121.97,84.67,81,28,13.47,scattered clouds
172,Presidente Medici,BR,-11.18,-61.9,84.97,19,0,5.1,clear sky
173,Khani,GE,41.96,42.96,73.4,94,75,2.24,broken clouds
174,Bahia De Caraquez,EC,-0.6,-80.42,75.2,83,75,11.41,broken clouds
175,Inirida,CO,3.87,-67.92,75.42,94,51,2.46,broken clouds
176,Coffs Harbour,AU,-30.3,153.13,71.6,68,17,12.75,few clouds
177,Ingham,US,42.6,-84.38,55.0,87,1,4.32,clear sky
178,Ilulissat,GL,69.22,-51.1,30.2,36,0,8.05,clear sky
179,Katherine,AU,-14.47,132.27,87.8,33,41,13.87,scattered clouds
180,Beringovskiy,RU,63.05,179.32,47.66,84,43,2.15,scattered clouds
181,Aripuana,BR,-9.17,-60.63,82.11,27,9,1.36,clear sky
182,Ewa Beach,US,21.32,-158.01,87.8,55,1,12.75,clear sky
183,Wasilla,US,61.58,-149.44,60.8,55,1,2.04,clear sky
184,Montepuez,MZ,-13.13,39.0,64.36,98,78,3.11,broken clouds
185,Beloostrov,RU,60.15,30.0,52.0,86,5,9.95,clear sky
186,Sicamous,CA,50.83,-118.99,72.0,72,100,2.55,overcast clouds
187,Kruisfontein,ZA,-34.0,24.73,50.0,70,0,1.01,clear sky
188,Potiskum,NG,11.71,11.07,73.4,86,95,8.05,overcast clouds
189,Dingle,PH,11.0,122.67,73.9,96,100,3.44,light rain
190,Saint George,US,37.1,-113.58,96.8,8,1,9.17,clear sky
191,Tuatapere,NZ,-46.13,167.68,46.99,76,100,7.0,overcast clouds
192,Nanortalik,GL,60.14,-45.24,41.74,74,100,33.11,light rain
193,Zhuhai,CN,22.28,113.57,82.4,83,40,8.05,light rain
194,Turbat,PK,26.0,63.04,85.17,13,12,10.0,few clouds
195,Sibolga,ID,1.74,98.78,80.89,66,94,2.73,overcast clouds
196,Callaway,US,30.15,-85.57,77.0,94,90,14.99,heavy intensity rain
197,Dikson,RU,73.51,80.55,42.55,91,100,14.36,overcast clouds
198,Kodiak,US,57.79,-152.41,62.6,51,1,8.05,clear sky
199,Cherskiy,RU,68.75,161.3,51.12,57,60,10.2,broken clouds
200,Tual,ID,-5.67,132.75,78.08,79,32,20.24,scattered clouds
201,Erzin,TR,36.96,36.2,81.0,79,0,1.05,clear sky
202,Esfarayen,IR,37.08,57.51,53.6,62,0,4.7,clear sky
203,Maturin,VE,9.75,-63.18,76.42,85,53,4.76,broken clouds
204,Lakatoro,VU,-16.1,167.42,82.4,74,75,14.99,broken clouds
205,Ucluelet,CA,48.93,-125.55,59.0,93,90,6.93,moderate rain
206,Chunskiy,RU,56.08,99.63,47.98,83,18,2.46,few clouds
207,Lahij,YE,13.17,44.58,85.3,52,5,5.44,clear sky
208,Port Elizabeth,ZA,-33.92,25.57,55.4,76,75,5.82,light rain
209,Ancud,CL,-41.87,-73.82,49.33,90,100,5.7,overcast clouds
210,Caxito,AO,-8.58,13.66,69.8,94,40,3.36,scattered clouds
211,Kaitangata,NZ,-46.28,169.85,46.99,64,100,11.01,overcast clouds
212,Tautira,PF,-17.73,-149.15,84.2,66,40,13.87,scattered clouds
213,Hualmay,PE,-11.1,-77.61,60.75,82,37,6.78,scattered clouds
214,Oranjemund,NA,-28.55,16.43,54.36,80,0,11.41,clear sky
215,Charters Towers,AU,-20.1,146.27,79.25,30,0,15.9,clear sky
216,Karabulak,RU,43.3,44.9,62.6,93,0,2.24,clear sky
217,Santos Reyes Nopala,MX,16.11,-97.16,80.6,65,90,0.31,overcast clouds
218,Adilcevaz,TR,38.8,42.73,53.6,58,0,4.7,clear sky
219,Poya,NC,-21.35,165.15,77.05,58,38,7.29,scattered clouds
220,Surt,LY,31.21,16.59,76.05,77,0,12.39,clear sky
221,Ishigaki,JP,24.34,124.16,86.0,84,40,6.93,scattered clouds
222,Marawi,PH,8.0,124.29,82.0,74,100,3.0,overcast clouds
223,Paamiut,GL,61.99,-49.67,45.91,67,100,37.56,overcast clouds
224,Siderno,IT,38.28,16.3,77.0,73,40,3.36,scattered clouds
225,Kuloy,RU,61.03,42.49,42.84,94,17,7.23,few clouds
226,Jinji,CN,23.23,110.83,81.61,80,100,3.4,overcast clouds
227,Faya,SA,18.39,42.45,66.2,55,27,1.1,scattered clouds
228,Ponta Delgada,PT,37.73,-25.67,64.4,59,20,6.93,few clouds
229,Namibe,AO,-15.2,12.15,61.11,89,15,3.6,few clouds
230,Katsuura,JP,35.13,140.3,80.01,65,75,8.05,broken clouds
231,Kayerkan,RU,69.35,87.76,50.0,93,100,11.18,overcast clouds
232,Tasiilaq,GL,65.61,-37.64,22.01,96,19,3.27,few clouds
233,Placido De Castro,BR,-10.34,-67.19,79.83,67,100,1.66,overcast clouds
234,Picayune,US,30.53,-89.68,78.01,92,100,8.84,overcast clouds
235,Fare,PF,-16.7,-151.02,79.39,70,44,10.76,scattered clouds
236,Hofn,IS,64.25,-15.21,47.28,76,100,7.81,overcast clouds
237,Vangaindrano,MG,-23.35,47.6,66.38,90,100,5.53,light rain
238,Klaksvik,FO,62.23,-6.59,42.8,93,100,1.12,overcast clouds
239,Orlik,RU,52.52,99.83,41.13,77,92,1.95,overcast clouds
240,Ocampo,MX,21.65,-101.5,62.22,75,86,7.85,overcast clouds
241,Port Blair,IN,11.67,92.75,83.25,76,100,8.55,overcast clouds
242,Reconquista,AR,-29.15,-59.65,52.07,72,100,5.79,overcast clouds
243,Lorengau,PG,-2.02,147.27,85.01,76,97,13.09,heavy intensity rain
244,Krasnyy Chikoy,RU,50.36,108.75,43.25,84,100,4.34,overcast clouds
245,Aksu,CN,41.12,80.26,65.98,35,95,2.1,overcast clouds
246,Walvis Bay,NA,-22.96,14.51,51.01,81,0,5.82,clear sky
247,Fairbanks,US,64.84,-147.72,53.6,62,90,4.7,light rain
248,Saint Anthony,US,45.02,-93.22,75.2,60,1,12.75,clear sky
249,Barmer,IN,25.75,71.38,85.3,68,47,6.11,scattered clouds
250,Kinshasa,CD,-4.32,15.32,73.4,78,98,3.36,light rain
251,Maldonado,UY,-34.67,-54.92,44.6,87,0,3.36,clear sky
252,Padang,ID,-0.95,100.35,81.1,69,98,1.45,light rain
253,Trairi,BR,-3.28,-39.27,77.34,77,47,13.06,scattered clouds
254,Ribeira Grande,PT,38.52,-28.7,66.69,63,100,14.56,overcast clouds
255,Qaanaaq,GL,77.48,-69.36,27.23,91,68,6.6,broken clouds
256,Krasnyye Tkachi,RU,57.49,39.76,46.4,100,0,8.95,clear sky
257,Sorland,NO,67.67,12.69,51.49,80,98,16.6,overcast clouds
258,Leningradskiy,RU,69.38,178.42,40.93,94,100,10.27,light rain
259,Verkhnyaya Inta,RU,65.98,60.31,44.33,89,90,4.92,overcast clouds
260,Port Lincoln,AU,-34.73,135.87,57.61,71,10,10.71,clear sky
261,Nabire,ID,-3.37,135.48,81.95,80,100,4.12,overcast clouds
262,Vao,NC,-22.67,167.48,69.01,78,0,18.23,clear sky
263,Cururupu,BR,-1.83,-44.87,74.68,90,65,4.14,broken clouds
264,Aklavik,CA,68.22,-135.01,39.2,93,90,5.82,light intensity shower rain
265,Pevek,RU,69.7,170.31,42.48,79,100,8.16,overcast clouds
266,Drexel Heights,US,32.14,-111.03,93.99,15,1,8.05,clear sky
267,Abu Dhabi,AE,24.47,54.37,87.8,84,0,4.7,clear sky
268,Adrar,MR,20.5,-10.07,96.71,16,81,5.28,broken clouds
269,Geraldton,AU,-28.77,114.6,62.6,88,0,5.82,clear sky
270,Bafq,IR,31.61,55.41,58.89,33,0,0.2,clear sky
271,Dwarka,IN,22.24,68.97,82.62,87,98,13.65,overcast clouds
272,Razdolinsk,RU,58.42,94.67,47.97,82,99,3.56,overcast clouds
273,Caravelas,BR,-17.71,-39.25,71.1,86,0,6.11,clear sky
274,Calabozo,VE,8.92,-67.43,76.64,91,25,3.02,scattered clouds
275,Fortuna,US,40.6,-124.16,71.01,68,20,9.17,few clouds
276,Aktau,KZ,43.65,51.2,60.8,87,0,4.47,clear sky
277,Totskoye,RU,52.52,52.76,45.79,93,0,10.94,clear sky
278,Gopalpur,IN,19.27,84.92,83.39,84,31,4.21,scattered clouds
279,Jiexiu,CN,37.02,111.91,64.65,76,100,6.76,overcast clouds
280,Tanete,ID,-3.94,119.78,83.28,57,0,12.86,clear sky
281,Gusau,NG,12.16,6.66,73.85,84,28,7.83,scattered clouds
282,Santa Cruz,BO,-17.8,-63.17,71.6,60,75,23.04,broken clouds
283,Turukhansk,RU,65.82,87.98,49.5,88,100,11.7,light rain
284,Upington,ZA,-28.45,21.26,39.2,38,0,2.24,clear sky
285,Tecpan,GT,14.76,-90.99,68.0,85,100,1.01,overcast clouds
286,Mezen,RU,65.85,44.24,44.31,95,29,7.36,scattered clouds
287,Tubuala,PA,9.52,-79.03,82.0,94,75,2.24,broken clouds
288,Kalmunai,LK,7.42,81.82,80.33,76,100,4.65,overcast clouds
289,Key Biscayne,US,25.69,-80.16,84.2,74,75,6.93,broken clouds
290,Axim,GH,4.87,-2.24,74.35,93,65,5.48,broken clouds
291,Coquimbo,CL,-29.95,-71.34,53.6,87,2,3.36,clear sky
292,Zhigansk,RU,66.77,123.37,48.54,77,69,14.67,broken clouds
293,Odienne,CI,9.51,-7.57,70.99,95,97,3.18,light rain
294,Hobyo,SO,5.35,48.53,77.56,84,25,24.47,scattered clouds
295,Cockburn Town,TC,21.46,-71.14,83.44,78,100,12.55,overcast clouds
296,Seoul,KR,37.57,126.98,73.4,78,20,2.57,haze
297,Aljezur,PT,37.32,-8.8,64.99,94,2,1.99,clear sky
298,Rudnogorsk,RU,57.26,103.75,47.73,66,0,9.13,clear sky
299,Raska,RS,43.29,20.62,57.2,100,0,0.27,clear sky
300,Sencha,UA,50.25,33.35,57.96,88,0,7.05,clear sky
301,Torrington,US,41.8,-73.12,62.01,67,0,1.99,clear sky
302,Nouakchott,MR,18.09,-15.98,84.2,79,0,10.29,clear sky
303,Ciudad Bolivar,VE,8.12,-63.55,83.37,59,0,5.55,clear sky
304,Cantel,GT,14.82,-91.45,68.0,95,100,1.7,overcast clouds
305,Huari,PE,-9.33,-77.23,43.29,78,51,4.68,broken clouds
306,Kualakapuas,ID,-3.01,114.39,80.6,78,17,4.7,few clouds
307,Ambilobe,MG,-13.2,49.05,64.04,74,0,4.0,clear sky
308,Inhambane,MZ,-23.86,35.38,66.2,93,0,6.93,clear sky
309,Ahipara,NZ,-35.17,173.17,60.44,82,41,17.92,scattered clouds
310,Kadaya,RU,50.93,119.29,52.59,64,0,2.71,clear sky
311,Chilca,PE,-12.52,-76.74,60.8,82,90,9.17,overcast clouds
312,Yar-Sale,RU,66.83,70.83,48.24,84,100,17.05,light rain
313,San Patricio,MX,19.22,-104.7,86.0,79,75,11.41,broken clouds
314,Manggar,ID,-2.88,108.27,82.69,73,0,9.73,clear sky
315,Tambura,SS,5.6,27.47,67.84,98,3,1.03,light rain
316,Meadow Lake,US,34.8,-106.54,78.8,21,75,8.05,smoke
317,Amahai,ID,-3.33,128.92,80.42,76,26,9.95,scattered clouds
318,Port Macquarie,AU,-31.43,152.92,72.0,64,21,1.01,moderate rain
319,Saskylakh,RU,71.92,114.08,51.19,62,99,3.02,overcast clouds
320,Kisangani,CD,0.52,25.2,71.19,95,2,1.97,clear sky
321,Dicabisagan,PH,17.08,122.42,83.7,73,100,2.62,overcast clouds
322,Grand-Lahou,CI,5.14,-5.02,75.43,91,94,7.2,overcast clouds
323,Sokoto,NG,13.06,5.24,78.91,71,3,9.71,clear sky
324,Novorzhev,RU,57.03,29.33,57.72,94,96,7.96,overcast clouds
325,Nouadhibou,MR,20.93,-17.03,84.2,54,75,17.22,broken clouds
326,Susuman,RU,62.78,148.17,52.02,45,34,3.65,scattered clouds
327,Sept-Iles,CA,50.2,-66.38,52.0,50,20,10.29,few clouds
328,Juxtlahuaca,MX,17.43,-99.15,71.69,82,100,3.94,overcast clouds
329,Constantine,DZ,36.37,6.61,59.0,93,20,2.24,few clouds
330,Port-Gentil,GA,-0.72,8.78,75.2,85,100,12.55,overcast clouds
331,Itaituba,BR,-4.28,-55.98,83.91,47,65,1.28,broken clouds
332,Sisimiut,GL,66.94,-53.67,34.5,75,89,10.33,overcast clouds
333,Shakawe,BW,-18.37,21.85,64.42,25,0,5.55,clear sky
334,Acapulco,MX,16.86,-99.89,84.2,79,75,4.7,broken clouds
335,Poum,NC,-20.23,164.02,73.96,72,0,11.54,clear sky
336,Ouallam,NE,14.32,2.09,85.75,57,0,14.2,clear sky
337,Eenhana,NA,-17.47,16.33,69.8,18,0,5.82,clear sky
338,Roald,NO,62.58,6.13,50.0,93,90,12.75,light intensity drizzle
339,Taltal,CL,-25.4,-70.48,55.87,75,49,3.8,scattered clouds
340,Wuhu,CN,31.34,118.38,71.6,100,90,4.47,heavy intensity rain
341,Vila Franca Do Campo,PT,37.72,-25.43,64.4,59,20,6.93,few clouds
342,Nhulunbuy,AU,-12.23,136.77,82.4,65,40,18.34,scattered clouds
343,Moose Factory,CA,51.26,-80.61,46.4,70,20,5.82,few clouds
344,Isilkul,RU,54.91,71.27,51.87,88,2,3.58,clear sky
345,Bongandanga,CD,1.5,21.05,69.4,98,100,2.68,overcast clouds
346,Grand Gaube,MU,-20.01,57.66,68.0,52,62,8.99,broken clouds
347,Shimoda,JP,34.67,138.95,75.2,83,75,10.29,broken clouds
348,Mangrol,IN,21.12,70.12,80.85,85,28,9.4,scattered clouds
349,Hami,CN,42.8,93.45,64.98,24,0,9.08,clear sky
350,Helsinki,FI,60.17,24.94,50.0,100,25,5.82,scattered clouds
351,Lasa,IT,46.62,10.7,59.0,80,77,1.45,broken clouds
352,Samarai,PG,-10.62,150.67,79.74,84,80,12.24,light rain
353,Vila Velha,BR,-20.33,-40.29,75.99,73,0,10.29,clear sky
354,Vostok,RU,46.49,135.88,62.76,43,87,1.52,overcast clouds
355,Areosa,PT,41.72,-8.86,68.0,88,75,8.05,broken clouds
356,Presidencia Roque Saenz Pena,AR,-26.79,-60.44,60.57,43,100,7.09,overcast clouds
357,Morant Bay,JM,17.88,-76.41,86.0,74,20,12.75,few clouds
358,Deputatskiy,RU,69.3,139.9,42.51,70,1,5.44,clear sky
359,Sao Jose Da Coroa Grande,BR,-8.9,-35.15,74.88,84,99,11.92,overcast clouds
360,Stillwater,US,36.12,-97.06,77.0,61,1,5.82,clear sky
361,Krasnyy Oktyabr,RU,56.12,38.88,46.49,96,1,6.98,clear sky
362,Talavera,PH,15.62,120.93,78.8,88,90,4.7,heavy intensity rain
363,Portobelo,PA,9.55,-79.65,82.0,94,75,2.24,broken clouds
364,Svetlogorsk,BY,52.63,29.73,55.02,97,4,5.97,clear sky
365,Swift Current,CA,50.28,-107.8,59.0,47,1,9.17,clear sky
366,Mbour,SN,14.42,-16.96,78.8,88,20,2.24,few clouds
367,Haines Junction,CA,60.75,-137.51,54.0,40,0,1.43,clear sky
368,Galle,LK,6.04,80.22,79.54,86,100,11.14,overcast clouds
369,Iracoubo,GF,5.48,-53.2,79.86,81,0,6.49,clear sky
370,Touros,BR,-5.2,-35.46,73.4,88,40,3.36,scattered clouds
371,Kiama,AU,-34.68,150.87,70.0,79,40,13.0,scattered clouds
372,Vestmannaeyjar,IS,63.44,-20.27,48.06,79,3,8.28,clear sky
373,Davila,PH,18.47,120.58,82.4,83,75,2.24,broken clouds
374,Sitka,US,57.05,-135.33,62.6,48,1,6.93,clear sky
375,Salalah,OM,17.02,54.09,78.8,83,75,5.82,broken clouds
376,Tokur,RU,53.13,132.9,55.81,92,100,2.8,light rain
377,Muravlenko,RU,63.79,74.52,47.48,95,97,10.98,overcast clouds
378,Batagay-Alyta,RU,67.8,130.41,39.78,90,100,10.78,overcast clouds
379,Zheleznodorozhnyy,RU,55.75,38.0,52.0,100,0,6.71,clear sky
380,Saldanha,ZA,-33.01,17.94,46.4,81,0,4.7,clear sky
381,Henties Bay,NA,-22.12,14.28,51.01,84,0,8.97,clear sky
382,Dali,CN,25.7,100.18,63.88,85,71,3.89,broken clouds
383,Ximei,CN,24.96,118.38,82.4,74,75,2.24,broken clouds
384,Berlevag,NO,70.86,29.09,46.78,86,100,10.87,heavy intensity rain
385,Keti Bandar,PK,24.14,67.45,84.76,79,99,5.75,light rain
386,Bjornevatn,NO,69.67,29.98,46.4,81,75,11.41,broken clouds
387,Bontang,ID,0.13,117.5,80.89,77,100,11.12,light rain
388,Nong Phai,TH,15.99,101.06,80.74,83,13,2.26,few clouds
389,Graham,US,47.05,-122.29,72.0,68,1,5.93,haze
390,Kavaratti,IN,10.57,72.64,81.34,80,99,20.69,overcast clouds
391,Krasnoselkup,RU,65.7,82.47,48.34,94,93,9.95,overcast clouds
392,Margate,GB,51.38,1.39,66.99,73,0,5.3,clear sky
393,Byron Bay,AU,-28.65,153.62,72.0,73,75,10.29,broken clouds
394,Kahului,US,20.89,-156.47,87.8,55,40,24.16,scattered clouds
395,Uvira,CD,-3.41,29.15,76.59,50,0,1.77,clear sky
396,Amapa,BR,1.0,-52.0,72.88,97,79,3.31,broken clouds
397,Valparaiso,CL,-33.04,-71.63,51.8,93,0,5.82,clear sky
398,Langfang,CN,39.51,116.69,68.0,99,100,6.98,heavy intensity rain
399,Half Moon Bay,US,37.46,-122.43,73.4,72,1,12.75,haze
400,Olafsvik,IS,64.89,-23.71,47.82,75,38,7.56,scattered clouds
401,Waddan,LY,29.16,16.14,74.93,52,0,4.7,clear sky
402,Salamiyah,SY,35.01,37.05,66.18,70,0,3.87,clear sky
403,Portland,US,45.52,-122.68,73.4,53,90,2.06,smoke
404,Limbang,MY,4.75,115.0,78.8,88,75,2.24,light rain
405,Santa Maria,BR,-29.68,-53.81,51.8,81,41,4.7,scattered clouds
406,Namatanai,PG,-3.67,152.43,84.02,74,60,9.8,light rain
407,Rio Gallegos,AR,-51.62,-69.22,42.8,52,21,26.4,few clouds
408,Horsham,GB,51.06,-0.33,62.01,87,0,4.7,clear sky
409,Kizema,RU,61.11,44.83,43.45,96,40,6.76,scattered clouds
410,Mehamn,NO,71.04,27.85,46.22,87,98,10.83,light rain
411,Sola,VU,-13.88,167.55,86.0,66,75,5.82,broken clouds
412,Saryozek,KZ,44.36,77.98,59.72,47,100,0.36,light rain
413,Darnah,LY,32.77,22.64,74.32,79,0,7.16,clear sky
414,Miri,MY,4.41,114.01,77.0,88,20,4.7,light rain
415,Babusnica,RS,43.06,22.41,59.0,77,59,2.24,broken clouds
416,Kon Tum,VN,14.35,108.0,73.53,89,96,1.39,overcast clouds
417,Iqaluit,CA,63.75,-68.51,39.2,60,75,5.82,broken clouds
418,Boromo,BF,11.75,-2.93,76.32,87,90,2.64,overcast clouds
419,Kulunda,RU,52.57,78.94,55.63,47,19,5.01,few clouds
420,Itarema,BR,-2.92,-39.92,77.67,78,97,17.69,overcast clouds
421,Lang Son,VN,21.83,106.73,80.11,81,99,1.05,overcast clouds
422,Mugur-Aksy,RU,50.35,90.5,42.6,59,40,2.95,scattered clouds
423,Nome,US,64.5,-165.41,51.01,93,90,16.11,moderate rain
424,Husavik,IS,66.04,-17.34,37.4,93,0,2.24,clear sky
425,Minab,IR,27.15,57.08,77.0,50,0,2.24,clear sky
426,Santa Isabel Do Rio Negro,BR,-0.41,-65.02,73.02,97,100,1.07,overcast clouds
427,Chitungwiza,ZW,-18.01,31.08,58.48,58,0,4.54,clear sky
428,Gariaband,IN,20.64,82.06,76.35,89,47,2.26,scattered clouds
429,Cidreira,BR,-30.18,-50.21,52.2,62,100,5.99,overcast clouds
430,Corralillo,CU,22.98,-80.59,79.68,86,95,6.11,heavy intensity rain
431,Kati,ML,12.74,-8.07,78.8,94,20,4.7,few clouds
432,Turgenevo,RU,54.85,46.33,46.2,90,0,11.05,clear sky
433,Umm Lajj,SA,25.02,37.27,87.78,46,0,11.1,clear sky
434,Paragominas,BR,-2.97,-47.48,77.85,51,78,3.83,broken clouds
435,Sambava,MG,-14.27,50.17,67.73,83,0,12.93,clear sky
436,Quatre Cocos,MU,-20.21,57.76,68.0,68,75,14.99,broken clouds
437,Veszprem,HU,47.09,17.91,70.0,66,0,3.0,clear sky
438,Shingu,JP,33.73,135.98,75.2,64,75,2.24,broken clouds
439,Denpasar,ID,-8.65,115.22,82.4,74,20,4.7,few clouds
440,Werneck,DE,49.98,10.1,57.99,87,81,3.09,broken clouds
441,Saint-Francois,FR,46.42,3.91,66.2,68,0,2.24,clear sky
442,Constitucion,CL,-35.33,-72.42,53.56,80,0,3.83,clear sky
443,Bagdarin,RU,54.43,113.6,46.11,77,0,1.79,clear sky
444,Saint-Pierre,RE,-21.34,55.48,60.8,59,20,8.05,few clouds
445,Bonavista,CA,48.65,-53.11,60.01,88,67,19.6,broken clouds
446,Mackenzie,CA,55.3,-123.17,50.0,57,1,5.82,clear sky
447,Chapais,CA,49.78,-74.85,42.8,81,40,10.29,scattered clouds
448,Malakal,SS,9.53,31.66,70.54,96,47,2.59,scattered clouds
449,Korla,CN,41.76,86.15,60.01,88,100,4.21,overcast clouds
450,Pau Brasil,BR,-15.46,-39.65,65.46,95,0,1.99,clear sky
451,Otane,NZ,-39.88,176.63,57.99,65,0,17.0,clear sky
452,Chebsara,RU,59.2,38.84,42.94,93,0,7.99,clear sky
453,Muhos,FI,64.81,25.99,48.2,81,0,9.17,clear sky
454,Tougue,GN,11.47,-11.6,68.59,93,97,0.78,overcast clouds
455,San Ramon,US,37.78,-121.98,84.0,32,90,11.41,haze
456,Vanimo,PG,-2.67,141.3,86.81,60,100,7.65,light rain
457,Broome,US,42.25,-75.83,52.0,61,1,8.05,clear sky
458,Veraval,IN,20.9,70.37,81.03,84,66,7.94,broken clouds
459,Victoria,HK,22.29,114.16,84.0,94,100,8.99,moderate rain
460,Maoming,CN,21.65,110.9,81.39,83,100,7.4,overcast clouds
461,Lanzhou,CN,36.06,103.79,48.2,93,23,4.47,few clouds
462,Ryotsu,JP,38.08,138.43,75.2,64,58,4.7,broken clouds
463,Yumen,CN,40.28,97.2,56.35,31,0,5.95,clear sky
464,Barra,BR,-11.09,-43.14,76.82,58,74,13.76,broken clouds
465,Bucerias,MX,20.75,-105.33,87.01,74,90,5.82,overcast clouds
466,Sao Joao Da Barra,BR,-21.64,-41.05,72.59,79,0,19.22,clear sky
467,Demirci,TR,39.05,28.66,65.62,73,50,6.49,scattered clouds
468,Ushtobe,KZ,45.25,77.98,69.04,31,100,11.59,overcast clouds
469,Dalarik,AM,40.23,43.88,68.0,45,0,4.7,clear sky
470,Adra,ES,36.75,-3.02,77.0,69,0,5.82,clear sky
471,Boguchany,RU,58.38,97.45,49.41,85,2,2.73,clear sky
472,Les Escoumins,CA,48.11,-69.02,44.53,70,63,13.51,broken clouds
473,Shenjiamen,CN,29.96,122.3,72.91,91,100,7.85,moderate rain
474,Bathsheba,BB,13.22,-59.52,82.4,78,40,11.41,scattered clouds
475,Flinders,AU,-34.58,150.86,70.0,72,35,7.0,scattered clouds
476,Grimstad,NO,58.34,8.59,55.99,100,95,3.36,overcast clouds
477,Palkino,RU,57.54,28.01,59.0,87,99,8.95,overcast clouds
478,Sampit,ID,-2.53,112.95,81.77,67,19,3.83,few clouds
479,Ormara,PK,25.21,64.64,83.7,72,94,6.55,overcast clouds
480,Miles City,US,46.41,-105.84,84.2,28,1,3.36,clear sky
481,Roswell,US,34.02,-84.36,80.6,78,40,10.56,scattered clouds
482,Kita,ML,13.03,-9.49,74.44,91,0,3.04,clear sky
483,Carballo,ES,43.21,-8.69,66.2,72,18,5.82,few clouds
484,Pemangkat,ID,1.17,108.97,78.53,83,100,5.86,overcast clouds
485,Zykovo,RU,55.95,93.15,39.2,93,0,2.62,fog
486,Xai-Xai,MZ,-25.05,33.64,68.11,76,0,3.62,clear sky
487,Baisha,CN,26.52,110.93,75.06,81,100,0.98,overcast clouds
488,Abadan,IR,30.34,48.3,82.4,78,0,4.7,clear sky
489,Biltine,TD,14.53,20.92,80.1,71,0,7.31,clear sky
490,Gubskaya,RU,44.32,40.64,58.73,78,0,2.71,clear sky
491,Natalio,PY,-26.72,-55.08,60.46,69,99,3.67,overcast clouds
492,Kattivakkam,IN,13.22,80.32,78.8,88,75,3.36,moderate rain
493,Buedu,SL,8.28,-10.37,69.3,98,31,1.43,scattered clouds
494,Hamilton,US,39.18,-84.53,70.0,72,1,5.82,clear sky
495,Nichinan,JP,31.6,131.37,77.0,83,75,2.24,light rain
496,Lagoa,PT,39.05,-27.98,66.07,66,0,17.0,clear sky
497,Dudinka,RU,69.41,86.18,50.0,93,100,11.18,overcast clouds
498,Tarakan,ID,3.3,117.63,78.85,86,100,10.22,moderate rain
499,Thohoyandou,ZA,-22.95,30.48,66.87,31,0,2.51,clear sky
500,Kaputa,ZM,-8.47,29.66,71.11,51,0,3.91,clear sky
501,Vulturesti,RO,47.52,26.45,63.0,72,0,8.05,clear sky
502,Kautokeino,NO,69.01,23.04,34.52,89,10,3.29,clear sky
503,Bubaque,GW,11.28,-15.83,80.64,88,100,7.54,light rain
504,Abilene,US,32.45,-99.73,77.0,44,1,9.17,clear sky
505,Tilichiki,RU,60.47,166.1,47.26,68,94,16.62,overcast clouds
506,Dengzhou,CN,37.81,120.75,73.56,70,92,8.88,light rain
507,Viedma,AR,-40.81,-63.0,59.0,28,0,8.01,clear sky
508,Buala,SB,-8.14,159.59,83.8,76,100,11.88,moderate rain
509,Aykhal,RU,66.0,111.5,46.4,65,24,4.47,few clouds
510,Stornoway,GB,58.21,-6.39,57.2,93,100,6.93,overcast clouds
511,Linjiang,CN,41.81,126.91,68.88,56,0,1.66,clear sky
512,Moranbah,AU,-22.0,148.05,77.97,36,0,21.09,clear sky
513,Oskarshamn,SE,57.26,16.45,60.01,93,7,5.82,clear sky
514,Duncan,US,34.5,-97.96,75.2,69,1,4.7,clear sky
515,Port Hardy,CA,50.7,-127.42,60.8,87,90,3.36,smoke
516,Kholtoson,RU,50.3,103.31,39.43,88,100,3.02,overcast clouds
517,Yerbogachen,RU,61.28,108.01,50.36,68,42,3.94,scattered clouds
518,Westport,US,41.14,-73.36,66.2,42,1,12.75,clear sky
519,Smithers,CA,54.78,-127.17,57.2,58,90,2.24,overcast clouds
520,Clyde River,CA,70.47,-68.59,33.8,86,1,4.7,clear sky
521,Nantucket,US,41.28,-70.1,60.8,82,1,6.93,clear sky
522,Ankara,TR,39.92,32.85,69.8,49,0,11.41,clear sky
523,Akyab,MM,20.15,92.9,82.69,83,89,7.67,light rain
524,Waynesboro,US,38.07,-78.89,66.2,72,1,5.82,clear sky
525,Russell,US,32.35,-85.2,84.2,65,1,3.36,clear sky
526,Moanda,GA,-1.56,13.22,70.47,94,100,2.84,overcast clouds
527,Huangmei,CN,30.19,116.03,67.91,94,100,2.19,moderate rain
528,Dauphin,CA,51.15,-100.05,55.4,62,90,10.29,overcast clouds
529,Zhezkazgan,KZ,47.8,67.71,58.57,51,100,8.57,overcast clouds
530,Rio Grande,BR,-32.03,-52.1,51.01,75,87,3.0,overcast clouds
531,Sangar,RU,63.92,127.47,46.83,79,62,13.98,broken clouds
532,Teguise,ES,29.06,-13.56,73.4,78,100,10.29,overcast clouds
533,Palmeirais,BR,-5.98,-43.06,79.16,36,0,4.32,clear sky
534,Solnechnyy,RU,50.72,136.63,66.07,67,100,6.08,overcast clouds
535,Vardo,NO,70.37,31.11,47.55,83,100,17.78,overcast clouds
536,Purpe,RU,64.48,76.69,48.0,92,92,12.28,overcast clouds
537,Dvinskoy,RU,62.15,45.12,43.65,95,95,7.43,overcast clouds
538,Dunedin,NZ,-45.87,170.5,46.99,68,100,13.0,overcast clouds
539,Montorio Al Vomano,IT,42.58,13.64,66.99,30,65,5.99,broken clouds
540,Texistepec,MX,17.88,-94.78,86.0,70,40,9.17,scattered clouds
541,Hit,IQ,33.64,42.83,86.54,27,0,10.33,clear sky
542,Puerto Penasco,MX,31.32,-113.53,89.01,54,0,1.99,clear sky
543,Lewiston,US,44.1,-70.21,53.6,54,1,5.82,clear sky
544,Yulara,AU,-25.24,130.99,71.6,35,0,18.34,clear sky
545,Mikhaylovka,RU,50.06,43.24,56.64,64,88,7.54,overcast clouds
546,Mogok,MM,22.92,96.5,68.05,100,100,2.48,overcast clouds
547,Camabatela,AO,-8.19,15.38,62.96,93,62,5.23,broken clouds
548,Spolaita,GR,38.7,21.35,75.2,47,0,3.36,clear sky
549,Abnub,EG,27.27,31.15,77.0,44,0,8.05,clear sky
550,Avera,US,33.19,-82.53,79.0,88,40,3.36,scattered clouds
551,Laguna,US,38.42,-121.42,88.0,30,90,3.36,haze
552,Rosetta,EG,31.4,30.42,77.0,73,0,4.7,clear sky
553,Soyo,AO,-6.13,12.37,73.83,80,0,8.5,clear sky
554,College,US,64.86,-147.8,53.6,58,90,3.36,light rain
555,Bandarbeyla,SO,9.49,50.81,79.32,72,0,23.2,clear sky
556,Beyneu,KZ,45.32,55.2,59.59,69,0,10.4,clear sky
557,Brownsville,US,25.9,-97.5,80.6,94,20,5.82,few clouds
558,Burnie,AU,-41.07,145.92,55.0,59,97,8.01,overcast clouds
559,Yelan,RU,50.95,43.74,52.9,85,40,8.08,scattered clouds
560,Ossora,RU,59.24,163.07,51.37,61,98,13.98,overcast clouds
561,Rassvet,RU,46.83,40.75,57.49,54,0,6.64,clear sky
562,Ubinskoye,RU,55.31,79.68,46.8,88,0,5.59,clear sky
563,Arauco,CL,-37.25,-73.32,57.2,71,0,11.41,clear sky
564,At-Bashi,KG,41.17,75.81,48.51,61,85,1.34,overcast clouds
565,Isangel,VU,-19.55,169.27,75.2,78,75,13.87,broken clouds
566,Lundazi,ZM,-12.29,33.18,67.23,54,0,6.49,clear sky
567,Champerico,GT,14.3,-91.92,73.4,94,90,4.7,overcast clouds
568,South Bend,US,41.68,-86.25,62.01,90,0,5.99,clear sky
569,Muli,MV,2.92,73.57,82.33,75,98,8.01,moderate rain
570,Makokou,GA,0.57,12.86,69.22,93,100,3.22,overcast clouds
571,Poltavka,RU,54.37,71.76,54.55,75,23,3.83,few clouds
572,Wuwei,CN,37.93,102.64,60.01,33,0,2.77,clear sky
573,Iquique,CL,-20.22,-70.14,60.8,77,90,5.82,overcast clouds
574,Alice Springs,AU,-23.7,133.88,75.2,31,0,10.29,clear sky
575,Dublin,US,37.7,-121.94,82.99,32,90,11.41,haze
576,Grand-Santi,GF,4.25,-54.38,74.05,94,84,1.86,broken clouds
577,Meru,KE,0.05,37.66,58.24,81,7,3.51,clear sky
578,Miramar,US,25.99,-80.23,84.2,79,1,6.93,clear sky
579,Havelock,US,34.88,-76.9,75.99,88,75,11.41,broken clouds
580,Ahome,MX,25.92,-109.18,89.6,52,5,14.99,clear sky
581,Monte Gordo,PT,37.18,-7.45,69.8,77,0,6.93,clear sky
582,Itamaraju,BR,-17.04,-39.53,66.29,95,0,1.59,clear sky
583,Erenhot,CN,43.65,111.98,60.42,31,0,13.96,clear sky
584,Yashan,CN,22.2,109.94,82.09,80,65,2.59,broken clouds
585,Manakara,MG,-22.13,48.02,67.12,85,100,6.96,light rain
586,Cerro Largo,BR,-28.15,-54.74,53.01,76,100,8.05,overcast clouds
587,La Ronge,CA,55.1,-105.28,48.2,81,90,8.05,overcast clouds
588,Riyadh,SA,24.69,46.72,84.2,21,0,3.36,clear sky
589,Takoradi,GH,4.88,-1.76,74.82,92,56,5.66,broken clouds
590,Jalu,LY,29.03,21.55,82.9,35,0,9.1,clear sky
591,Lazuri,RO,47.85,22.87,55.4,100,0,4.65,clear sky
592,Malanje,AO,-9.54,16.34,66.42,85,6,7.54,clear sky
593,Manokwari,ID,-0.87,134.08,84.04,65,100,1.63,overcast clouds
594,Virginia Beach,US,36.85,-75.98,73.99,64,75,8.05,broken clouds
595,Torrevieja,ES,37.98,-0.68,75.99,85,1,5.99,clear sky
596,Flin Flon,CA,54.77,-101.86,44.04,92,100,3.47,overcast clouds
597,Channel-Port Aux Basques,CA,47.57,-59.14,55.36,65,70,18.92,broken clouds
598,Parkes,AU,-33.13,148.18,64.78,60,0,3.6,clear sky
599,Gayny,RU,60.31,54.32,46.76,96,100,6.11,light rain
600,Nenagh,IE,52.86,-8.2,61.0,87,40,6.93,scattered clouds
601,Gagra,GE,43.33,40.22,73.4,88,75,4.47,broken clouds
602,Superior,US,46.72,-92.1,55.99,93,90,8.05,overcast clouds
603,Taoudenni,ML,22.68,-3.98,100.92,10,9,7.09,clear sky
604,Villarrica,PY,-25.75,-56.43,58.96,84,100,5.08,overcast clouds
605,Ixtapa,MX,20.7,-105.2,87.01,74,90,5.82,overcast clouds
606,Camacha,PT,33.08,-16.33,69.8,77,20,1.61,few clouds
607,Auki,SB,-8.77,160.7,77.09,93,100,8.21,light rain
608,San Jose,US,37.34,-121.89,75.99,53,90,9.17,smoke
609,Rawson,AR,-43.3,-65.1,63.55,40,96,14.03,overcast clouds
610,Todos Santos,MX,23.45,-110.22,84.99,77,83,1.99,broken clouds
611,Lumut,MY,4.23,100.63,73.4,94,40,3.36,scattered clouds
612,Alta Floresta,BR,-9.88,-56.09,78.03,26,0,4.05,clear sky
613,Abha,SA,18.22,42.51,66.2,55,1,1.99,clear sky
614,Saint-Georges,GD,12.06,-61.75,80.6,88,20,8.05,few clouds
615,Haicheng,CN,40.85,122.75,69.84,68,10,3.67,clear sky
616,Tynda,RU,55.17,124.72,57.79,83,75,1.45,light rain
617,Sarakhs,IR,36.54,61.16,60.8,41,0,2.24,clear sky
618,Kieta,PG,-6.22,155.63,87.28,57,43,5.95,scattered clouds
619,Muzaffargarh,PK,30.08,71.19,86.0,70,40,9.17,smoke
620,Vilhena,BR,-12.74,-60.15,76.87,22,0,3.33,clear sky
621,Moron,AR,-34.65,-58.62,57.0,47,0,2.24,clear sky
622,Oktyabrskiy,RU,54.48,53.47,46.71,89,100,10.47,overcast clouds
623,Sergeyevka,KZ,53.88,67.42,51.49,82,100,7.18,overcast clouds
624,Alyangula,AU,-13.85,136.42,86.0,51,40,16.11,scattered clouds
625,Belaya Gora,RU,68.53,146.42,51.96,57,1,9.42,clear sky
626,Progreso,MX,21.28,-89.67,75.99,94,75,5.82,broken clouds
627,Paraisopolis,BR,-22.55,-45.78,75.2,57,99,9.17,overcast clouds
628,Ostrovnoy,RU,68.05,39.51,48.43,85,100,12.26,light rain
629,Nago,JP,26.59,127.98,84.2,74,75,4.7,broken clouds
630,Kyra,RU,49.58,111.98,46.51,71,100,4.18,overcast clouds
631,Kyaikkami,MM,16.08,97.57,80.47,84,27,5.86,scattered clouds
632,Aksarka,RU,66.56,67.8,49.62,92,100,16.73,light rain
633,Talcahuano,CL,-36.72,-73.12,57.2,71,0,11.41,clear sky
634,Sudogda,RU,55.95,40.86,45.93,95,0,6.29,clear sky
635,Corrales,US,35.24,-106.61,80.01,20,1,8.05,clear sky
636,Tongliao,CN,43.61,122.27,65.05,76,100,5.14,light rain
637,Bahia Blanca,AR,-38.72,-62.27,55.2,38,0,16.35,clear sky
638,Nyurba,RU,63.28,118.33,52.34,60,0,3.38,clear sky
639,Harindanga,IN,22.04,88.32,84.2,94,40,4.61,haze
640,San Cristobal,VE,7.77,-72.22,86.0,51,75,20.8,broken clouds
641,Nesna,NO,66.2,13.02,45.0,94,90,12.75,overcast clouds
642,Toora-Khem,RU,52.47,96.11,41.59,76,0,1.9,clear sky
643,Urusha,RU,54.05,122.9,53.78,86,100,4.94,overcast clouds
644,Tongren,CN,27.72,109.19,66.47,92,100,1.34,moderate rain
645,Muros,ES,42.78,-9.06,66.99,88,65,8.01,broken clouds
646,Marquette,US,46.53,-87.63,54.0,76,0,4.0,clear sky
647,Bulawayo,ZW,-20.15,28.58,62.64,31,0,5.86,clear sky
648,Swadlincote,GB,52.77,-1.56,60.01,82,0,3.36,clear sky
649,Mount Isa,AU,-20.73,139.5,84.2,23,0,13.87,clear sky
650,Placerville,US,38.73,-120.8,84.99,26,1,3.36,clear sky
651,Tselinnoye,RU,53.08,85.67,48.6,73,82,4.16,broken clouds
652,Kapoeta,SS,4.77,33.59,73.27,71,0,1.41,clear sky
653,Mahibadhoo,MV,3.78,72.97,82.33,76,100,7.78,overcast clouds
654,Santa Isabel,BR,-23.32,-46.22,69.8,82,75,10.29,broken clouds
655,Ambon,ID,-3.7,128.18,82.4,74,40,8.05,scattered clouds
656,Tarancon,ES,40.01,-3.01,75.0,47,92,12.64,overcast clouds
657,Porto Novo,BJ,6.5,2.6,76.19,87,100,7.49,overcast clouds
658,Terra Rica,BR,-22.71,-52.62,76.08,45,13,7.0,few clouds
659,Lamar,US,33.67,-95.58,80.6,69,75,6.93,broken clouds
660,Seydi,TM,39.48,62.91,59.22,33,0,2.3,clear sky
661,Korem,ET,12.51,39.52,55.44,78,28,2.15,scattered clouds
662,Plettenberg Bay,ZA,-34.05,23.37,50.23,76,92,6.73,overcast clouds
663,Lamu,KE,-2.27,40.9,77.0,83,40,8.05,scattered clouds
664,Launceston,AU,-41.45,147.17,57.2,62,40,20.8,scattered clouds
665,Ayagoz,KZ,47.97,80.44,55.99,39,100,2.68,overcast clouds
666,Nuuk,GL,64.18,-51.72,37.4,86,100,21.92,light snow
667,Terrace Bay,CA,48.78,-87.1,46.83,79,100,8.12,overcast clouds
668,Chivilcoy,AR,-34.9,-60.02,44.01,64,0,1.99,clear sky
669,Northam,GB,51.03,-4.22,62.01,83,100,1.99,overcast clouds
670,Dunmanway,IE,51.72,-9.12,60.01,100,75,4.7,fog
671,Atikokan,CA,48.76,-91.62,52.05,71,100,5.97,overcast clouds
672,Maamba,ZM,-17.37,27.15,67.42,42,0,1.43,clear sky
673,Bridlington,GB,54.08,-0.19,62.01,93,0,2.24,mist
674,Manica,FR,49.0,-1.17,64.4,72,0,3.36,clear sky
675,Palmer,US,42.16,-72.33,62.6,45,75,11.41,broken clouds
676,Udachnyy,RU,66.42,112.4,46.4,65,0,4.47,clear sky
677,Chone,EC,-0.68,-80.1,72.88,82,92,4.34,overcast clouds
678,Gaspe,CA,48.83,-64.48,51.8,57,5,6.93,clear sky
679,Pafos,CY,34.77,32.42,71.6,68,0,8.05,clear sky
680,Armidale,AU,-30.52,151.65,59.0,83,0,5.01,clear sky
681,Lamont,US,35.26,-118.91,91.4,29,1,13.87,haze
682,Gikongoro,RW,-2.46,29.57,61.81,65,0,3.6,clear sky
683,Tam Ky,VN,15.57,108.48,86.0,70,20,3.36,few clouds
684,Banda Aceh,ID,5.56,95.32,80.8,75,91,11.9,overcast clouds
